xm,bj,xb,yw,sx,wy,zz,ls,dl,wl,hx,sw,wlfk,zcj
周黎,1101,女,94,82,96,97,97,98,95,94,88,文科,841
汤海明,1101,男,87,94,89,95,94,94,90,90,89,文科,822
舒江辉,1101,男,92,79,86,98,95,96,89,94,87,文科,816
翁柯,1101,女,91,84,96,93,97,94,82,90,83,文科,810
祁强,1101,男,85,92,82,93,87,88,95,94,93,文科,809
湛容,1101,女,92,82,85,91,90,92,82,98,90,文科,802
穆伶俐,1101,女,88,72,86,94,87,88,89,98,94,文科,796
韦永杰,1101,男,81,89,87,97,94,96,81,88,83,文科,796
龚兰秀,1101,女,88,77,95,94,84,94,87,94,82,文科,795
舒亚,1101,女,94,81,88,91,85,98,81,88,88,文科,794
宰玲玲,1101,女,87,83,92,91,86,94,84,90,87,文科,794
邰友生,1101,男,88,82,91,89,81,98,89,98,75,文科,791
历阳,1101,男,79,84,91,87,91,87,85,96,90,文科,790
卜杰,1101,男,78,81,83,86,88,98,85,90,99,文科,788
桑锡雨,1101,男,83,85,82,91,88,88,88,86,93,文科,784
屠珍锦,1101,女,80,84,91,91,85,100,73,90,90,文科,784
骆英,1101,女,89,71,90,95,91,96,84,88,80,文科,784
韶丽君,1101,女,89,84,85,97,84,86,72,96,89,文科,782
柴阳萍,1101,女,91,78,89,94,90,90,89,90,71,文科,782
崔志富,1101,男,85,79,88,87,78,93,84,96,87,文科,777
齐华仁,1101,男,90,61,82,93,90,96,76,96,92,文科,776
邴桂花,1101,女,87,74,86,95,81,88,85,96,84,文科,776
盛桂莲,1101,女,87,88,89,95,87,84,85,80,80,文科,775
禹雨情,1101,女,90,70,88,91,84,98,89,86,78,文科,774
凌诗雨,1101,女,84,55,95,90,86,100,80,96,86,文科,772
娄增增,1101,女,90,92,86,90,83,86,85,80,79,文科,771
平施玮,1101,女,85,78,87,87,71,95,75,98,87,文科,763
汤文静,1101,女,85,83,86,95,87,92,69,88,78,文科,763
时华君,1101,女,82,78,86,91,85,92,81,88,79,文科,762
范发园,1101,男,84,74,83,93,98,88,64,86,90,文科,760
卫凤林,1101,女,85,70,80,93,91,88,83,94,76,文科,760
艾媛媛,1101,女,81,70,81,80,93,92,89,86,87,文科,759
贲慧娥,1101,女,86,73,88,92,88,86,68,86,80,文科,747
弓日凤,1101,女,80,65,86,98,86,98,90,76,68,文科,747
禹春燕,1101,女,86,74,88,85,69,90,79,90,78,文科,739
万冲,1101,男,84,72,65,93,95,98,66,82,81,文科,736
胡小倩,1101,女,80,64,89,92,70,92,78,90,80,文科,735
侯代洪,1101,男,81,71,80,92,96,88,71,72,79,文科,730
廉二兰,1101,女,82,81,85,88,78,98,64,82,72,文科,730
邓洪涛,1101,男,79,74,75,95,97,92,56,76,83,文科,727
符春秀,1101,女,89,70,74,91,88,92,62,88,73,文科,727
罗云,1101,女,92,69,85,91,84,88,57,76,82,文科,724
李小芳,1101,女,77,73,81,94,84,88,63,80,79,文科,719
窦姚燕,1101,女,78,60,87,91,83,70,79,82,82,文科,712
徐明,1101,男,83,65,90,94,86,86,58,76,66,文科,704
郦春秀,1101,女,77,68,85,83,77,86,69,74,72,文科,691
吴江艳,1101,女,86,71,77,83,69,92,62,84,67,文科,691
彭小兵,1101,男,77,60,83,81,84,88,70,78,69,文科,690
吕绥,1101,女,83,59,77,90,81,78,68,70,78,文科,684
庞琴,1101,女,84,57,73,92,84,92,53,64,80,文科,679
金滔,1101,男,81,59,77,83,69,90,56,92,68,文科,675
于知平,1101,男,70,67,74,92,73,88,40,52,58,文科,614
冀珍理,1102,女,88,91,88,95,85,96,85,100,94,文科,822
常慧,1102,女,91,82,91,96,91,94,90,92,90,文科,817
经团江,1102,男,88,83,84,94,91,88,96,98,92,文科,814
傅午莲,1102,女,91,82,76,96,94,92,87,96,96,文科,810
朱末泽,1102,女,92,76,87,96,95,98,84,94,88,文科,810
蔺明建,1102,男,86,75,90,94,92,98,89,92,92,文科,808
全江红,1102,女,90,81,88,94,88,93,87,96,90,文科,807
钱瑞英,1102,女,87,85,82,95,90,92,88,98,89,文科,806
宫联江,1102,男,89,94,85,96,89,94,90,86,79,文科,802
却婷婷,1102,女,91,82,93,97,85,94,78,94,86,文科,800
项云成,1102,男,85,87,82,94,94,90,83,92,92,文科,799
杜安雄,1102,男,86,87,87,97,83,100,72,98,88,文科,798
栾金香,1102,女,85,84,93,90,89,94,74,98,88,文科,795
郎秋英,1102,女,81,88,89,93,85,100,81,98,80,文科,795
滕顺,1102,男,80,96,87,96,97,92,69,92,85,文科,794
贺淑雅,1102,女,81,87,95,76,84,96,85,94,94,文科,792
郜荣,1102,男,84,89,84,97,88,96,69,92,92,文科,791
危佳丽,1102,女,90,87,90,94,88,92,77,92,80,文科,790
刘亚玲,1102,女,86,78,89,92,91,98,77,92,86,文科,789
项靖,1102,女,85,75,88,92,92,90,82,88,94,文科,786
牛志云,1102,女,89,78,91,96,94,94,75,88,80,文科,785
僪华,1102,男,87,80,85,92,91,97,82,92,79,文科,785
卞福秀,1102,女,76,79,89,92,78,96,90,94,89,文科,783
从书念,1102,男,83,72,76,93,86,94,87,98,91,文科,780
任小艳,1102,女,93,86,80,94,95,90,68,86,88,文科,780
阎四丰,1102,男,85,81,85,95,86,92,77,88,87,文科,776
孔艳,1102,女,83,90,82,91,78,94,75,94,85,文科,772
苏勇晴,1102,男,90,72,88,93,84,90,75,90,88,文科,770
柴帆,1102,男,88,70,93,87,87,96,80,86,79,文科,766
田雪,1102,女,87,73,93,95,85,94,61,90,85,文科,763
赖姝慧,1102,女,85,83,89,90,85,90,72,88,81,文科,763
虞小崽,1102,男,80,87,83,88,88,94,73,86,81,文科,760
孟晓兰,1102,女,85,70,87,84,90,94,83,82,84,文科,759
强承富,1102,男,88,81,88,95,89,92,60,82,81,文科,756
黄声远,1102,男,89,73,86,91,80,94,65,90,86,文科,754
沈盛珠,1102,男,90,77,75,90,94,90,70,88,78,文科,752
狄鑫遥,1102,男,88,71,82,66,88,92,86,94,84,文科,751
阳冲亚,1102,男,85,75,87,89,76,90,78,92,77,文科,749
郝佳红,1102,女,89,58,88,87,71,90,83,90,88,文科,744
龙小莲,1102,女,81,79,84,97,75,88,68,90,79,文科,741
包海燕,1102,女,88,85,80,94,80,90,60,84,77,文科,738
米隆斌,1102,男,85,63,73,91,96,92,82,74,80,文科,736
于湘婷,1102,女,82,75,87,87,79,96,61,84,84,文科,735
谈青妹,1102,女,82,80,79,88,86,88,75,72,80,文科,730
昝美君,1102,女,88,83,80,93,83,94,59,76,73,文科,729
汲旭,1102,男,84,68,89,90,87,78,58,86,86,文科,726
仇香燕,1102,女,89,51,83,98,87,84,73,80,81,文科,726
史国华,1102,男,82,83,87,86,89,90,58,72,78,文科,725
苍启信,1102,男,74,62,82,88,79,90,82,88,78,文科,723
鄂凤英,1102,女,86,70,76,90,86,84,72,76,82,文科,722
阳强云,1102,男,89,74,77,91,78,84,74,78,77,文科,722
史浩洋,1102,男,83,65,79,89,82,80,79,84,79,文科,720
李树丽,1102,女,88,70,78,91,89,94,62,80,68,文科,720
云雪真,1102,女,88,73,83,94,82,92,49,82,68,文科,711
宫红霞,1102,女,82,56,90,94,83,81,65,68,81,文科,700
荀小娟,1102,女,83,73,78,86,74,82,62,86,69,文科,693
臧小江,1102,男,80,68,74,87,76,84,44,80,69,文科,662
僪福星,1102,男,85,63,76,72,72,80,53,82,68,文科,651
齐菊聪,1103,女,90,87,89,92,93,88,91,94,90,文科,814
双素莲,1103,女,89,77,90,97,92,94,80,98,91,文科,808
蔡玉燕,1103,女,91,75,82,90,94,98,85,96,93,文科,804
葛园,1103,女,91,82,94,97,80,94,83,96,86,文科,803
锺起国,1103,男,80,95,87,95,93,96,80,90,84,文科,800
黄敏敏,1103,女,87,88,89,98,87,94,74,88,92,文科,797
翟江,1103,男,87,91,88,84,91,92,83,90,90,文科,796
符清华,1103,男,85,95,77,94,98,90,80,92,84,文科,795
戎红娟,1103,女,86,85,84,93,91,90,81,94,90,文科,794
储斌,1103,男,91,84,86,96,96,96,71,88,86,文科,794
宫卓,1103,男,70,86,86,94,87,92,92,98,88,文科,793
家莹,1103,女,84,84,86,90,85,92,92,82,95,文科,790
杭金华,1103,女,82,80,85,91,87,94,85,96,85,文科,785
钱芸琪,1103,女,90,73,83,93,91,96,83,90,82,文科,781
鲍翠莲,1103,女,86,83,84,90,96,92,81,90,79,文科,781
印文静,1103,女,82,83,86,91,91,94,83,84,84,文科,778
安云,1103,女,83,88,81,95,89,90,75,94,82,文科,777
柳红花,1103,女,86,77,84,92,94,98,87,90,69,文科,777
席晓娟,1103,女,86,76,87,87,79,94,91,94,82,文科,776
宋秀凤,1103,女,87,89,82,98,90,94,71,90,74,文科,775
蓬悦,1103,女,85,85,90,94,74,94,73,92,86,文科,773
姚玉凤,1103,女,86,85,84,95,81,90,84,82,86,文科,773
邹发明,1103,男,80,75,92,93,95,81,82,88,85,文科,771
艾虞胜,1103,男,92,79,90,96,74,95,67,94,81,文科,768
贾玉琴,1103,女,90,68,89,89,93,88,70,94,86,文科,767
李华,1103,女,94,80,88,98,82,86,69,88,82,文科,767
柳安明,1103,男,84,65,87,92,87,94,74,98,85,文科,766
酆春林,1103,女,88,65,81,86,87,92,84,90,91,文科,764
富彩花,1103,女,87,77,85,94,84,94,78,92,73,文科,764
蒙竣,1103,男,77,85,76,95,92,98,72,86,81,文科,762
宰丹,1103,女,86,86,84,97,80,88,84,90,66,文科,761
邴德东,1103,男,91,65,69,87,96,90,79,96,82,文科,755
陈敦云,1103,男,82,72,71,91,91,92,81,92,81,文科,753
曹显东,1103,男,83,81,80,92,81,80,90,80,83,文科,750
汪建新,1103,男,87,72,92,86,83,93,78,88,71,文科,750
巴春辛,1103,男,84,76,82,96,86,82,74,88,81,文科,749
连阳鹏,1103,男,84,84,72,95,93,94,67,80,77,文科,746
梁辉,1103,男,84,72,81,96,94,92,68,88,71,文科,746
单琴,1103,女,87,68,95,92,88,94,64,84,67,文科,739
童海花,1103,女,82,75,82,90,91,90,59,80,84,文科,733
邱阳燕青,1103,女,89,73,79,88,87,90,53,84,83,文科,726
詹星星,1103,女,80,73,78,84,78,88,90,82,73,文科,726
通诗兰,1103,女,86,74,77,93,83,79,80,88,66,文科,726
桂声诗,1103,男,82,71,67,83,75,94,80,82,89,文科,723
贝李华,1103,男,76,55,84,92,84,90,85,80,75,文科,721
艾春莲,1103,女,86,59,87,89,85,92,73,74,68,文科,713
羊忠健,1103,男,79,73,82,78,80,88,79,84,69,文科,712
单素英,1103,女,86,61,84,93,82,84,61,86,70,文科,707
汪春海,1103,男,75,82,76,87,79,94,79,68,65,文科,705
裴福文,1103,男,81,68,80,92,97,78,64,76,61,文科,697
潘鹏飞,1103,男,75,72,83,83,63,92,74,80,72,文科,694
鲍阳刘琪,1103,女,86,71,89,89,67,90,51,74,74,文科,691
宦琳,1103,女,78,67,79,87,75,80,63,82,73,文科,684
班永萍,1103,女,85,63,76,88,68,80,61,82,73,文科,676
叶田甜,1103,男,69,62,69,82,85,94,48,90,63,文科,662
谭思缘,1103,女,87,67,64,85,76,88,37,74,69,文科,647
赖旺,1103,男,65,26,53,87,91,96,21,56,58,文科,553
劳宇,1104,女,88,94,93,99,92,100,94,98,97,文科,855
韦佐,1104,女,92,84,96,97,98,94,91,98,94,文科,844
祝友香,1104,女,88,88,95,96,84,95,98,98,88,文科,830
姬斯远,1104,男,86,84,88,94,96,98,82,100,96,文科,824
富双枝,1104,女,91,92,96,90,91,94,91,90,87,文科,822
尚瑞英,1104,女,86,78,89,91,97,100,83,98,97,文科,819
窦鹏,1104,男,87,93,88,91,80,92,98,98,91,文科,818
盛慧,1104,女,94,92,91,92,86,98,85,96,80,文科,814
郝沙沙,1104,女,86,84,83,95,91,91,94,100,89,文科,813
戎晓苑,1104,女,90,95,92,95,89,90,82,94,86,文科,813
万娟,1104,女,86,93,89,98,96,88,84,96,82,文科,812
通楠,1104,女,92,83,88,95,91,92,86,92,92,文科,811
贲丽,1104,女,89,89,93,97,93,98,73,92,87,文科,811
解潇,1104,男,90,94,95,91,96,94,89,86,76,文科,811
余建宇,1104,男,84,94,93,93,95,90,90,90,81,文科,810
季发勇,1104,男,86,74,88,94,94,100,88,94,84,文科,802
穆映雪,1104,女,89,84,95,93,87,96,89,92,75,文科,800
池达,1104,男,84,95,85,90,89,94,89,84,88,文科,798
弓怀,1104,男,92,95,81,95,95,94,76,88,81,文科,797
班浩宇,1104,男,89,78,90,92,93,92,68,98,92,文科,792
窦晓航,1104,男,86,77,90,73,95,95,92,94,89,文科,791
路华,1104,男,89,88,82,92,94,92,88,80,82,文科,787
单媛,1104,女,86,84,86,93,91,92,78,88,81,文科,779
邢陈鑫昱,1104,男,88,88,80,95,95,92,63,94,83,文科,778
雷永新,1104,男,85,81,92,95,86,90,81,92,76,文科,778
昌林清,1104,男,86,97,86,93,94,96,63,88,74,文科,777
井晓薇,1104,女,89,91,82,90,88,82,77,92,85,文科,776
和家伟,1104,男,92,67,90,92,98,94,61,96,85,文科,775
家心雨,1104,女,92,85,83,92,92,90,79,86,76,文科,775
胡雯静,1104,女,86,89,92,90,81,88,75,90,83,文科,774
申素平,1104,女,88,71,88,94,83,94,84,90,81,文科,773
陶小燕,1104,女,92,85,90,97,94,92,63,82,78,文科,773
顾忆玲,1104,女,87,81,92,91,93,93,70,86,79,文科,772
董香,1104,女,90,81,94,95,87,88,74,88,71,文科,768
吕贻社,1104,男,82,84,80,92,97,96,75,70,84,文科,760
浦丹华,1104,女,88,79,80,95,93,96,58,94,77,文科,760
瞿蔡,1104,女,85,82,88,85,85,84,69,90,90,文科,758
酆摇,1104,女,89,82,83,95,92,85,67,86,78,文科,757
弓源,1104,男,81,83,70,86,86,94,80,94,82,文科,756
凤珍,1104,女,85,77,91,94,88,96,59,86,80,文科,756
甄唐金杏,1104,女,83,82,83,84,81,94,83,84,78,文科,752
糜庭亚,1104,男,89,84,77,94,84,94,65,84,76,文科,747
麻寄发,1104,男,82,79,78,93,78,94,71,84,87,文科,746
龙艳香,1104,女,87,74,83,87,93,82,69,86,81,文科,742
曹鲜艳,1104,女,87,81,85,100,83,86,58,80,81,文科,741
沈媛,1104,女,87,83,85,89,81,88,73,78,77,文科,741
胥月,1104,女,89,82,87,87,83,96,64,76,77,文科,741
贝月连,1104,女,85,71,77,96,90,90,60,80,85,文科,734
刘湘琴,1104,女,88,81,90,96,79,72,70,82,75,文科,733
莫秋萍,1104,女,86,80,95,90,86,90,62,76,66,文科,731
崔辉,1104,男,87,72,88,92,87,86,49,84,80,文科,725
历筱筱,1104,女,83,63,85,88,79,84,63,78,86,文科,709
薛永秀,1104,女,85,76,79,89,81,84,60,82,72,文科,708
项亚妮,1104,女,90,63,92,89,78,80,57,80,68,文科,697
封媛,1104,女,93,66,92,90,77,86,53,70,66,文科,693
郭晨,1104,女,78,70,78,98,83,86,42,86,59,文科,680
池月,1105,女,91,98,86,94,90,96,88,100,93,文科,836
常菊珍,1105,女,89,91,92,95,90,96,94,96,93,文科,836
宓代琪,1105,男,92,97,86,94,98,100,77,96,94,文科,834
陈玉,1105,女,92,93,88,98,98,100,88,88,85,文科,830
蒲江敏,1105,女,90,84,95,94,97,96,93,98,83,文科,830
范丽苹,1105,女,89,95,92,95,89,94,81,98,90,文科,823
林倩岚,1105,女,90,96,91,97,98,94,82,90,85,文科,823
申敏,1105,女,90,92,87,97,95,92,81,94,89,文科,817
谢兰玉,1105,女,85,84,85,96,94,98,89,96,89,文科,816
施兰香,1105,女,88,92,92,98,89,94,84,90,82,文科,809
莫代张,1105,男,91,86,83,97,94,90,81,94,92,文科,808
林子田,1105,男,89,93,88,91,98,98,79,90,79,文科,805
杨亚倩,1105,女,93,87,90,96,92,92,87,90,77,文科,804
叶芊芊,1105,女,84,86,92,97,82,92,92,94,84,文科,803
米林艳,1105,女,91,91,90,94,82,96,78,98,83,文科,803
叶玉双,1105,女,94,95,95,96,90,92,66,86,88,文科,802
洪诗宇,1105,男,92,94,90,92,94,98,75,92,75,文科,802
凌华,1105,男,88,84,85,93,94,94,77,96,90,文科,801
汲玉琴,1105,女,90,78,88,97,94,100,79,86,87,文科,799
魏菊荣,1105,女,91,71,87,93,98,98,84,90,86,文科,798
蓬清明,1105,女,91,91,89,95,86,90,81,90,84,文科,797
强湘平,1105,男,90,82,84,92,80,94,79,96,99,文科,796
万小丽,1105,女,88,88,93,94,87,94,72,96,83,文科,795
蔡艳琳,1105,女,94,96,86,94,91,92,70,92,80,文科,795
应荷花,1105,女,87,88,89,92,93,84,81,96,84,文科,794
蒙定洋,1105,男,87,90,77,92,96,94,85,86,84,文科,791
燕奉琴,1105,女,92,90,91,96,85,90,73,92,78,文科,787
郭明月,1105,女,92,68,87,94,89,94,89,90,83,文科,786
冯梅,1105,女,92,90,86,96,91,94,68,86,83,文科,786
能樟,1105,男,87,96,87,95,86,88,71,92,83,文科,785
贺雯,1105,女,89,86,95,97,88,90,71,90,78,文科,784
班敏,1105,女,81,83,91,96,86,92,86,92,72,文科,779
柳瑞峰,1105,男,90,84,78,96,98,92,64,90,86,文科,778
全晓燕,1105,女,89,82,86,91,92,98,66,90,84,文科,778
严青凡,1105,男,89,79,71,94,91,98,85,82,84,文科,773
乔田军,1105,男,91,93,85,92,83,90,74,90,75,文科,773
褚冬莲,1105,女,95,90,92,94,71,86,80,92,73,文科,773
桑信宇,1105,男,87,92,86,94,90,88,75,80,78,文科,770
时康宁,1105,女,89,74,83,95,93,92,72,92,79,文科,769
和津津,1105,女,92,90,86,92,87,92,76,86,66,文科,767
费悦,1105,女,84,77,79,95,91,86,71,92,91,文科,766
幸新玉,1105,女,82,81,82,100,91,90,64,94,82,文科,766
景茜,1105,女,84,80,85,95,82,82,86,90,79,文科,763
羿启连,1105,女,91,79,84,99,94,88,65,76,85,文科,761
储丹丹,1105,女,85,83,81,88,88,86,77,88,81,文科,757
栾玲,1105,女,82,90,91,94,83,90,78,74,75,文科,757
羿国强,1105,男,89,87,82,93,95,96,66,76,72,文科,756
盛秀翠,1105,女,92,79,92,89,89,90,72,84,69,文科,756
车乙香,1105,女,89,73,82,93,90,90,60,92,85,文科,754
计媛媛,1105,女,89,61,79,90,79,96,88,82,86,文科,750
伍秀玲,1105,女,93,81,82,96,82,96,59,80,81,文科,750
巴婷婷,1105,女,90,74,75,94,95,86,66,84,81,文科,745
姜秋莲,1105,女,89,61,89,95,87,94,82,70,76,文科,743
宰雪婷,1105,女,86,82,83,92,94,81,77,74,74,文科,743
武江玉,1105,女,80,72,87,94,88,92,67,84,78,文科,742
李周媛,1105,女,75,67,83,89,75,86,58,92,77,文科,702
尚玉芳,1105,女,68,74,61,91,78,74,69,76,67,文科,658
邢任妹,1106,女,93,98,92,99,100,98,97,100,93,文科,870
邓丽凤,1106,女,94,95,91,97,98,100,95,100,99,文科,869
奚梦欢,1106,女,93,97,98,96,97,100,91,100,96,文科,868
解杰,1106,女,93,95,95,98,100,98,94,96,92,文科,861
巫亚文,1106,男,91,95,93,94,97,98,95,100,95,文科,858
冯艳琼,1106,女,94,92,95,98,100,98,82,98,97,文科,854
解和英,1106,女,92,93,96,97,96,98,97,92,91,文科,852
傅颖慧,1106,女,93,95,97,91,99,98,86,100,92,文科,851
廉慧敏,1106,女,95,96,99,92,96,96,89,96,90,文科,849
麴新秀,1106,女,94,97,93,99,94,96,80,98,97,文科,848
别丽芬,1106,女,90,92,97,97,97,92,91,98,94,文科,848
吴维维,1106,女,93,98,96,96,97,98,77,100,93,文科,848
寿毓芳,1106,女,91,98,94,97,94,95,92,96,91,文科,848
于胜龙,1106,男,86,89,91,92,100,98,95,100,93,文科,844
殷婷,1106,女,92,92,91,98,98,98,93,96,84,文科,842
冯水玲,1106,女,93,95,94,97,97,98,86,90,91,文科,841
管珍伶,1106,女,93,95,94,94,94,98,88,92,91,文科,839
陈冬英,1106,女,95,94,91,97,92,91,91,96,90,文科,837
包江平,1106,女,89,94,95,96,98,96,76,98,94,文科,836
霍冬梅,1106,女,93,94,92,92,95,94,86,98,92,文科,836
卫春香,1106,女,92,87,92,97,92,98,89,100,86,文科,833
充军友,1106,男,87,97,90,95,98,90,85,98,92,文科,832
毛芳玲,1106,女,93,95,93,97,95,96,78,92,92,文科,831
历家瑞,1106,男,87,90,96,96,97,96,96,82,91,文科,831
甄达熙,1106,男,91,94,86,94,100,98,84,96,88,文科,831
沈竞,1106,女,94,96,97,96,93,94,71,100,88,文科,829
边阳小小,1106,女,87,92,93,97,94,96,81,96,91,文科,827
邢林建,1106,男,92,96,73,98,100,100,88,94,86,文科,827
林恩民,1106,男,91,94,92,92,93,100,81,94,86,文科,823
暴陆堙,1106,女,91,97,83,96,100,100,83,88,85,文科,823
彭友君,1106,女,93,93,91,97,91,94,86,94,84,文科,823
昌伦勇,1106,男,90,94,79,96,97,98,85,92,91,文科,822
别星林,1106,女,92,94,96,99,96,96,86,80,82,文科,821
田小燕,1106,女,88,93,89,95,98,94,82,88,90,文科,817
邱燕,1106,女,90,95,93,95,94,98,72,92,88,文科,817
车艳香,1106,女,94,91,92,97,96,94,82,90,80,文科,816
时兵,1106,男,88,97,90,94,97,98,70,94,87,文科,815
劳继兰,1106,女,87,96,93,95,94,98,79,94,78,文科,814
干思薇,1106,女,91,95,87,89,94,94,70,98,94,文科,812
尚夏艳,1106,女,91,93,81,97,96,98,74,94,88,文科,812
萧艳玲,1106,女,89,98,97,94,94,96,65,96,83,文科,812
家流燕,1106,女,94,90,79,94,89,94,86,98,87,文科,811
卞含芳,1106,女,89,93,94,96,96,98,74,86,84,文科,810
杨玉妹,1106,女,90,93,92,93,98,96,65,92,85,文科,804
许小玲,1106,女,88,94,83,96,96,96,73,86,91,文科,803
姜雪,1106,女,90,93,93,97,96,94,65,86,88,文科,802
仲寅连,1106,女,92,93,90,94,91,96,74,92,77,文科,799
桂元珍,1106,女,90,93,87,93,92,92,78,92,81,文科,798
家曲,1106,女,93,90,87,93,94,98,61,94,82,文科,792
凌航,1106,男,89,91,94,96,91,94,60,80,92,文科,787
闵琼,1106,女,92,90,96,93,85,96,73,80,82,文科,787
栾静,1106,女,92,85,95,98,88,84,80,78,78,文科,778
郑真真,1106,女,91,84,91,93,88,92,61,90,83,文科,773
成美英,1106,女,87,90,90,94,92,92,52,90,78,文科,765
邬杨,1106,女,93,84,89,93,81,86,56,76,70,文科,728
窦香娥,1106,女,87,78,97,93,83,90,58,66,58,文科,710
嵇婉玉,1107,女,94,100,96,98,100,98,88,100,97,文科,871
洪甜甜,1107,女,95,95,95,95,100,98,89,98,96,文科,861
边慧敏,1107,女,92,95,94,94,100,100,88,98,97,文科,858
山阳,1107,男,88,96,92,97,96,100,97,98,93,文科,857
屠明聪,1107,男,89,96,96,94,100,100,85,98,95,文科,853
卫红师,1107,男,89,96,95,95,100,98,80,98,93,文科,844
於泽红,1107,男,87,90,90,96,99,100,90,96,95,文科,843
封艳芳,1107,女,94,99,96,97,92,92,86,96,91,文科,843
龚斌,1107,男,87,94,94,93,91,94,95,98,95,文科,841
管国强,1107,男,94,96,92,92,98,96,91,94,88,文科,841
马红英,1107,女,90,91,92,97,97,98,91,96,88,文科,840
包军,1107,男,85,92,86,95,98,100,95,96,92,文科,839
伍乙凤,1107,女,87,94,91,94,94,96,94,98,91,文科,839
璩亚兰,1107,女,94,97,95,97,97,100,79,94,86,文科,839
伍晓红,1107,女,92,92,89,96,93,94,93,94,94,文科,837
臧婷,1107,女,91,94,94,98,94,96,83,94,93,文科,837
屈燕玲,1107,女,89,95,97,97,98,96,77,98,90,文科,837
米于进,1107,男,89,94,92,95,98,96,87,94,91,文科,836
山思婷,1107,女,93,91,92,93,99,94,90,94,90,文科,836
闻昆燕,1107,女,93,89,96,89,99,96,88,94,91,文科,835
农琼,1107,女,93,91,98,95,97,98,85,92,86,文科,835
宣碧莲,1107,女,91,90,94,98,98,96,82,94,91,文科,834
樊治宇,1107,男,89,92,91,95,95,98,92,92,90,文科,834
暴宗雨,1107,男,92,93,94,93,96,92,94,88,91,文科,833
鲁月,1107,女,91,92,95,94,96,98,80,96,90,文科,832
华俊佳,1107,男,92,82,88,97,97,100,90,98,88,文科,832
史达茜,1107,女,90,95,95,95,92,98,88,90,88,文科,831
封小青,1107,女,89,93,94,94,96,96,84,98,87,文科,831
尤未花,1107,女,90,89,92,95,94,94,91,98,86,文科,829
雍秋萍,1107,女,89,85,85,96,97,98,90,92,96,文科,828
栾灿,1107,女,92,89,92,98,95,92,79,94,96,文科,827
陶艳梦,1107,女,96,91,88,94,97,96,85,84,94,文科,825
堵逃英,1107,女,91,89,92,97,99,96,82,94,83,文科,823
萧丽婷,1107,女,88,97,97,93,95,100,71,94,83,文科,818
扶永连,1107,女,89,87,94,95,98,98,72,92,89,文科,814
马致始,1107,男,91,88,89,97,95,96,82,84,89,文科,811
王蓉蓉,1107,女,95,97,95,98,96,94,62,94,79,文科,810
冀婷婷,1107,女,95,85,95,96,98,100,75,94,72,文科,810
邓方平,1107,男,91,87,89,94,99,100,71,86,89,文科,806
彭秀姣,1107,女,89,81,92,95,95,98,82,96,78,文科,806
阮德强,1107,男,92,95,95,93,92,88,85,92,74,文科,806
双进,1107,女,89,94,88,92,95,90,81,82,93,文科,804
武双荣,1107,女,90,87,95,99,99,95,61,92,86,文科,804
晏鑫,1107,女,91,93,95,94,92,92,81,86,79,文科,803
翁祥忠,1107,男,89,96,82,93,97,96,74,100,73,文科,800
全静,1107,女,87,76,94,93,97,100,72,96,84,文科,799
姬长城,1107,男,86,90,80,97,100,94,79,92,81,文科,799
方秋嫦,1107,女,88,89,89,90,95,94,72,92,81,文科,790
顾俊杰,1107,男,91,91,86,96,95,98,62,88,81,文科,788
卫兰,1107,女,87,89,91,97,89,96,67,94,78,文科,788
詹付恒,1107,男,86,91,90,93,92,96,68,90,81,文科,787
戎小伶,1107,女,90,86,87,97,89,93,73,82,88,文科,785
陈锡生,1107,男,91,89,75,95,100,100,59,86,85,文科,780
包睿,1107,男,89,90,82,88,93,98,66,78,81,文科,765
干桃桃,1107,女,86,85,90,95,86,88,66,78,76,文科,750
焦金音,1108,女,91,98,95,99,99,100,100,100,97,理科,879
伊礼贤,1108,男,92,97,99,95,94,100,100,100,99,理科,876
和伍姣,1108,女,96,98,94,97,94,98,98,98,97,理科,870
汪文昊,1108,男,93,97,93,97,94,98,100,98,99,理科,869
郁巧月,1108,女,93,99,92,95,100,97,95,100,97,理科,868
霍学超,1108,男,94,96,97,97,95,96,95,100,96,理科,866
段正标,1108,男,93,93,95,96,100,98,94,100,96,理科,865
杭雪文,1108,女,92,97,96,94,98,98,97,98,95,理科,865
娄结鹏,1108,男,88,97,96,91,95,96,100,100,99,理科,862
浦自慧,1108,女,89,97,97,96,95,100,94,96,97,理科,861
印菁慧,1108,女,96,98,97,91,95,94,95,100,95,理科,861
戴秀兰,1108,女,91,95,91,94,99,94,98,100,97,理科,859
宿志帅,1108,男,92,93,95,94,99,96,95,100,95,理科,859
别志宇,1108,男,86,97,92,90,99,98,100,98,97,理科,857
郭锡颖,1108,男,94,94,95,95,97,96,94,98,94,理科,857
乐贻晃,1108,男,90,98,97,94,96,96,91,100,94,理科,856
颜名湘,1108,男,91,95,91,95,94,98,96,100,94,理科,854
单可,1108,女,90,97,96,91,96,94,97,100,93,理科,854
卜隆胜,1108,男,94,93,85,99,94,100,100,98,91,理科,854
郁国忠,1108,男,90,95,93,93,91,96,97,100,98,理科,853
房果平,1108,女,92,93,90,94,94,94,99,98,97,理科,851
龚华平,1108,男,91,96,94,92,91,96,92,100,98,理科,850
凤炳华,1108,男,86,98,93,92,95,96,95,100,95,理科,850
邹雪艳,1108,女,92,96,96,93,93,94,94,100,92,理科,850
赖士章,1108,男,86,97,88,97,95,94,95,100,96,理科,848
别燕琴,1108,女,93,97,94,91,93,92,93,100,95,理科,848
农佳亲,1108,女,86,98,95,92,91,98,92,98,97,理科,847
柳友香,1108,女,93,94,95,94,89,100,89,100,93,理科,847
黎益聪,1108,男,90,97,94,90,95,94,94,96,96,理科,846
骆湘锋,1108,男,96,96,88,94,99,95,89,98,91,理科,846
郝燕萍,1108,女,93,92,91,90,98,98,90,96,96,理科,844
宁俊,1108,男,90,96,92,94,97,96,86,98,95,理科,844
时二初,1108,男,91,96,89,98,94,96,92,98,90,理科,844
扈仁江,1108,男,89,89,94,94,91,100,94,98,93,理科,842
山锦,1108,男,89,94,95,90,94,96,97,96,91,理科,842
穆悠悠,1108,女,88,89,98,91,99,94,91,96,95,理科,841
荀瑶,1108,女,89,93,97,89,86,90,94,98,97,理科,833
郁丽君,1108,女,92,88,91,91,91,96,89,100,95,理科,833
汤振华,1108,男,86,96,82,95,90,94,92,100,97,理科,832
周振宇,1108,男,88,88,87,92,97,96,91,96,93,理科,828
宗明香,1108,女,93,93,95,91,79,94,91,96,92,理科,824
慕圆,1108,女,89,94,86,91,91,96,82,100,94,理科,823
闻晓情,1108,女,91,85,93,92,97,94,81,100,90,理科,823
许慧,1108,女,88,97,93,89,80,92,94,98,91,理科,822
司柳花,1108,女,92,92,91,92,89,98,74,100,92,理科,820
季岳,1108,男,86,89,86,94,89,96,93,94,89,理科,816
鲁孟秋,1109,女,93,98,98,97,96,98,100,100,98,理科,878
童秋艳,1109,女,92,98,95,95,95,100,100,98,98,理科,871
祖贻秋,1109,男,91,93,92,95,100,100,100,100,98,理科,869
沈秋艳,1109,女,94,92,94,96,96,100,100,100,97,理科,869
牛飞雨,1109,男,90,98,94,97,95,100,94,100,98,理科,866
戚怡琳,1109,女,93,98,97,94,98,97,94,100,95,理科,866
江溥珺萌,1109,女,95,94,97,95,99,96,91,100,96,理科,863
郁警师,1109,女,89,93,97,96,92,100,95,100,100,理科,862
麴海平,1109,男,82,99,93,94,98,100,97,100,98,理科,861
蒲宗顺,1109,男,90,96,95,94,93,100,94,100,97,理科,859
刘福双,1109,男,90,96,94,89,97,95,99,98,100,理科,858
羿艳红,1109,女,88,96,95,99,93,96,96,98,97,理科,858
汲文,1109,男,91,97,90,93,98,98,97,98,95,理科,857
管启海,1109,男,89,96,97,88,98,96,97,100,95,理科,856
郭洁,1109,女,93,97,93,96,93,94,97,98,95,理科,856
屠团化,1109,男,87,96,97,96,92,98,94,98,96,理科,854
费国平,1109,男,89,98,91,95,91,98,94,100,97,理科,853
富小辉,1109,男,89,93,94,94,98,98,94,98,95,理科,853
杜凭,1109,男,89,96,94,93,90,94,100,98,98,理科,852
庄青莲,1109,女,90,94,96,89,98,96,95,100,93,理科,851
嵇春艳,1109,女,93,97,96,90,86,98,94,98,97,理科,849
嵇勋科,1109,男,85,99,93,97,90,96,94,98,97,理科,849
仇杰,1109,男,92,94,92,93,96,98,91,100,93,理科,849
蒙长青,1109,男,88,100,88,98,91,98,95,98,93,理科,849
安天文,1109,男,92,97,92,95,94,94,97,96,91,理科,848
宁杨梅,1109,女,90,97,94,94,95,96,95,94,92,理科,847
侯弘,1109,女,90,93,95,91,96,98,89,96,98,理科,846
屠明,1109,男,87,94,94,94,91,96,96,96,97,理科,845
毕茂悦,1109,男,91,98,88,95,90,96,93,100,94,理科,845
廉宇,1109,男,89,97,94,94,87,98,92,100,94,理科,845
仇冬兰,1109,女,93,97,89,97,90,94,94,100,91,理科,845
狄敏,1109,女,93,93,93,95,91,98,85,100,96,理科,844
乌水莲,1109,女,92,96,92,97,92,96,86,100,93,理科,844
蒲晨茜之,1109,女,90,98,98,86,94,96,93,96,93,理科,844
秦明勇,1109,男,92,94,87,95,94,92,94,96,97,理科,841
索憬昱,1109,男,86,94,90,93,94,96,92,100,95,理科,840
干莉,1109,女,94,95,94,91,93,96,85,100,90,理科,838
浦鑫,1109,男,89,96,94,91,85,96,89,100,96,理科,836
郁月江,1109,男,86,90,96,96,92,98,88,94,95,理科,835
胥媛,1109,女,90,95,92,95,88,90,90,98,96,理科,834
龚淑洁,1109,女,92,93,87,93,93,96,93,96,89,理科,832
别富承,1109,男,90,87,88,95,94,100,87,96,94,理科,831
孔燕琳,1109,女,90,96,98,96,91,82,82,100,93,理科,828
茅上迪,1109,男,89,90,95,96,94,92,79,100,92,理科,827
缪丽华,1109,女,90,94,92,90,89,94,91,96,91,理科,827
臧静泓,1109,女,91,92,96,97,82,90,86,96,96,理科,826
盛江年,1109,女,90,89,85,95,90,98,85,98,95,理科,825
阎屿,1109,男,89,95,92,94,94,94,77,96,94,理科,825
阮阳志,1109,男,92,97,84,98,97,90,85,90,86,理科,819
林结敬,1109,男,89,94,89,92,83,96,89,84,94,理科,810
宁琦,1110,男,94,97,97,97,100,100,100,100,100,理科,885
傅世鸿,1110,男,88,98,99,95,100,100,97,100,95,理科,872
双文华,1110,男,92,97,93,98,95,96,100,100,98,理科,869
盛叶倩,1110,女,88,96,97,96,97,100,100,100,95,理科,869
包成,1110,男,93,99,98,99,93,98,95,100,92,理科,867
魏付江,1110,男,88,96,96,98,95,100,97,100,96,理科,866
严秀姣,1110,女,94,92,97,99,97,96,91,100,99,理科,865
窦鑫,1110,男,88,97,96,99,100,96,91,100,97,理科,864
寿胜,1110,男,93,95,90,93,98,98,97,100,99,理科,863
宦林翠,1110,女,89,96,95,99,94,100,95,98,97,理科,863
宣剑刚,1110,男,90,93,93,96,94,98,97,100,99,理科,860
籍亚斌,1110,男,91,91,92,92,98,98,100,100,96,理科,858
堵可,1110,女,90,96,97,92,93,98,94,100,97,理科,857
富酉翠,1110,女,90,97,92,96,97,98,92,100,94,理科,856
屠想,1110,女,89,96,93,95,93,94,97,100,98,理科,855
陈小希,1110,女,92,95,94,96,92,94,94,100,97,理科,854
赖苹香,1110,女,91,96,98,95,93,96,93,96,96,理科,854
戴余杰,1110,男,89,98,99,91,88,98,98,98,95,理科,854
成庆维,1110,男,92,96,95,95,95,96,96,98,91,理科,854
滕贵海,1110,男,89,96,93,91,97,98,93,98,98,理科,853
邬治,1110,男,90,98,89,96,97,94,94,98,97,理科,853
万苑藤,1110,女,87,97,97,99,95,98,86,100,93,理科,852
栾丽平,1110,女,88,97,94,90,92,96,96,100,98,理科,851
何长海,1110,男,92,93,90,99,94,96,93,98,96,理科,851
湛玲,1110,女,91,96,97,92,90,92,96,98,98,理科,850
熊悦,1110,女,86,97,94,93,96,91,94,100,97,理科,848
郭威,1110,男,90,96,91,96,94,98,87,100,95,理科,847
双雪萍,1110,女,87,96,92,94,96,90,97,100,94,理科,846
沈丽,1110,女,91,95,90,95,93,100,92,100,89,理科,845
任芳芳,1110,女,93,97,97,92,88,94,92,96,95,理科,844
奚江钱,1110,男,91,90,93,93,96,96,89,100,92,理科,840
蔡晶晶,1110,男,90,96,88,91,97,92,91,100,93,理科,838
邱泉,1110,男,87,92,96,97,95,94,88,92,96,理科,837
廉晓云,1110,女,90,95,92,94,84,98,94,94,95,理科,836
姜长利,1110,男,83,96,91,92,83,94,100,100,96,理科,835
充格,1110,男,81,96,82,95,95,94,100,98,93,理科,834
席文丽,1110,女,91,95,91,95,91,94,86,100,90,理科,833
宰浚壹,1110,男,87,92,89,94,91,96,92,96,95,理科,832
雷思平,1110,女,93,92,95,90,80,96,94,98,94,理科,832
俞武申,1110,女,90,93,91,94,96,94,83,92,94,理科,827
孙隽兰,1110,女,86,93,95,89,88,98,83,96,96,理科,824
戎小玉,1110,女,91,94,94,88,89,90,88,96,93,理科,823
潘点,1110,女,90,97,90,96,83,94,87,100,84,理科,821
邴小燕,1110,女,87,95,91,89,83,96,93,98,88,理科,820
田琳琼,1110,女,88,94,86,90,87,90,92,96,84,理科,807
郜小苏,1110,女,93,91,93,93,76,94,78,92,96,理科,806
方少微,1110,女,83,96,92,93,78,90,79,100,92,理科,803
米勇,1110,男,84,89,78,96,85,96,79,98,93,理科,798
郁凌仙,1111,女,89,97,88,98,98,98,94,96,93,理科,851
韩序华,1111,男,83,96,90,95,98,98,91,94,97,理科,842
家祖祥,1111,男,85,96,94,93,91,94,100,98,91,理科,842
臧琰,1111,女,94,94,97,93,94,96,94,94,86,理科,842
戎小波,1111,男,84,95,91,92,95,92,91,100,99,理科,839
袁冬梅,1111,女,93,93,88,97,98,92,88,96,90,理科,835
夏邓凯,1111,男,89,97,91,91,90,92,95,98,91,理科,834
寿才,1111,男,88,94,98,94,89,92,91,98,90,理科,834
梅荣思,1111,男,89,99,90,95,86,98,89,98,89,理科,833
雍秀萍,1111,女,90,95,94,95,91,88,95,100,85,理科,833
颜文华,1111,男,87,95,92,89,91,96,95,96,90,理科,831
郗玉香,1111,女,93,94,92,100,91,98,73,100,88,理科,829
邬阳,1111,男,89,92,95,93,84,98,94,98,85,理科,828
卓小倩,1111,女,89,93,94,90,88,94,89,94,96,理科,827
皮英,1111,女,87,87,93,93,91,96,88,98,94,理科,827
姚江文,1111,男,86,90,87,86,94,98,97,96,92,理科,826
沈欢荣,1111,女,85,96,91,93,85,94,90,98,92,理科,824
程江南,1111,男,84,94,91,87,92,94,91,94,96,理科,823
蒋贻军,1111,男,92,96,89,88,89,96,92,96,85,理科,823
阮雨红,1111,男,85,96,85,93,90,92,97,94,90,理科,822
席超星,1111,男,89,95,94,97,85,96,85,98,83,理科,822
储红英,1111,女,90,96,87,96,89,96,85,98,83,理科,820
弓小毅,1111,男,86,92,76,92,91,96,93,100,93,理科,819
施海燕,1111,女,88,94,86,92,94,94,82,92,96,文科,818
顾自蛟,1111,男,89,87,88,97,89,92,94,96,86,理科,818
宫春明,1111,男,86,94,90,96,95,86,89,92,89,理科,817
邹田福,1111,男,87,93,92,89,84,92,95,98,86,理科,816
章代线,1111,男,83,93,86,86,86,92,98,98,93,理科,815
艾元,1111,男,92,94,91,92,80,91,91,94,87,理科,812
柳威,1111,男,84,98,97,87,89,89,87,92,88,理科,811
虞洁,1111,女,91,91,89,91,89,94,80,96,88,理科,809
惠菲菲,1111,女,78,93,84,88,89,94,97,96,89,理科,808
汲亚乔,1111,男,88,96,92,88,84,98,91,82,89,理科,808
陆莉莉,1111,女,87,97,90,95,87,90,81,94,86,理科,807
何琴琴,1111,女,91,94,90,96,78,95,73,98,91,理科,806
袁梦灵,1111,女,94,96,96,90,85,92,81,82,89,理科,805
汪翠娥,1111,女,88,90,91,91,84,96,88,94,83,理科,805
巴姜燕,1111,女,89,80,90,89,87,98,79,96,91,理科,799
郑佳明,1111,男,84,94,83,94,85,88,77,94,96,理科,795
邹明义,1111,男,77,91,86,93,90,95,77,98,87,理科,794
班维,1111,男,87,94,86,84,85,94,81,88,90,理科,789
骆巍舰,1111,男,83,93,88,87,80,84,87,96,87,理科,785
蓟思玲,1111,女,89,96,90,91,79,90,81,82,86,理科,784
房继令,1111,男,86,93,88,87,83,92,72,88,85,理科,774
龚卓旻,1111,男,84,98,79,92,84,90,70,84,78,理科,759
郜路遥,1111,男,88,92,83,89,75,90,70,86,84,理科,757
黎彧,1111,男,83,86,77,91,78,84,81,86,86,理科,752
彭书弼,1111,男,86,93,85,87,81,84,47,98,90,理科,751
别亚纯,1112,女,92,96,86,97,94,93,91,100,99,理科,848
包谋信,1112,男,91,97,94,96,86,98,94,98,94,理科,848
路茜茜,1112,女,93,98,96,97,84,91,87,100,99,理科,845
褚月华,1112,女,93,97,93,99,91,96,85,100,90,理科,844
戎玉凤,1112,女,90,95,90,94,90,96,82,98,100,理科,835
邴毓能,1112,男,88,97,93,99,78,100,89,98,92,理科,834
柏杰,1112,男,85,97,86,94,92,96,89,98,95,理科,832
苏宏彬,1112,男,87,93,85,92,88,94,97,98,96,理科,830
汤运华,1112,男,80,93,95,90,89,96,92,96,94,理科,825
於林军,1112,男,91,93,84,94,95,94,86,96,92,理科,825
颜义旺,1112,男,91,93,83,94,92,92,91,94,92,理科,822
连倩,1112,女,86,91,95,88,92,90,89,100,91,理科,822
艾阳芳芳,1112,女,89,98,91,95,87,94,91,86,89,理科,820
霍娅,1112,女,88,92,90,89,93,92,87,100,87,理科,818
闻俊强,1112,男,81,96,85,89,91,90,97,94,94,理科,817
松霞霞,1112,女,90,89,89,94,90,94,94,86,91,理科,817
封祥元,1112,男,92,82,78,92,92,94,95,98,93,理科,816
伍阳群富,1112,男,83,91,83,97,94,98,75,96,97,理科,814
通健,1112,男,92,90,85,95,89,92,80,96,95,理科,814
赵红梅,1112,女,90,94,94,90,90,92,75,96,93,理科,814
高冬玉,1112,女,89,91,94,98,87,94,81,90,90,理科,814
盛洁婳,1112,女,83,96,83,91,90,87,96,94,93,理科,813
冯晶,1112,男,91,92,88,89,89,96,84,96,88,理科,813
伊承福,1112,男,87,90,74,95,90,94,86,100,96,理科,812
糜秋香,1112,女,86,95,88,94,81,92,92,96,88,理科,812
尤团真,1112,男,90,90,86,93,87,88,85,98,91,理科,808
解俊,1112,男,84,98,80,90,89,88,93,96,89,理科,807
许宇超,1112,男,86,92,85,97,88,93,78,94,92,理科,805
锺兵,1112,男,84,95,87,91,96,91,86,88,87,理科,805
伏运佳,1112,女,90,91,89,90,85,100,75,90,94,理科,804
闻荣勤,1112,男,89,94,87,93,84,88,77,98,92,理科,802
羿城城,1112,男,84,96,81,81,81,94,95,94,92,理科,798
裴绪光,1112,男,90,92,89,93,92,92,69,94,86,理科,797
龙子豪,1112,男,84,92,86,89,85,92,89,92,86,理科,795
吴春斌,1112,男,84,93,93,89,94,88,76,90,87,理科,794
乔杨琥,1112,男,86,87,90,84,85,94,86,90,88,理科,790
伊章成,1112,男,82,88,70,89,92,90,94,90,89,理科,784
齐能娟,1112,女,93,89,86,92,81,92,64,90,93,理科,780
毕冬秀,1112,女,87,91,81,89,76,84,83,94,93,理科,778
熊小英,1112,女,81,76,89,94,87,86,75,96,92,理科,776
甘自宏,1112,男,87,81,92,91,93,86,70,86,89,理科,775
昝媛媛,1112,女,85,85,76,90,81,96,74,88,96,理科,771
宫婷婷,1112,女,84,86,91,89,84,86,70,86,91,理科,767
逄羽翔,1112,女,84,85,86,88,82,96,81,82,83,理科,767
孟亭亭,1112,女,86,89,88,89,90,80,58,96,82,理科,758
成朝龙,1112,男,84,96,91,91,0,96,89,98,91,理科,736
喻洪福,1113,男,93,97,90,92,94,96,95,100,93,理科,850
方自成,1113,男,89,86,94,94,96,94,89,96,95,理科,833
桑名旺,1113,男,92,90,89,95,94,98,89,92,90,理科,829
锺入昌,1113,男,88,89,86,91,92,94,94,98,94,理科,826
浦青秀,1113,女,90,92,85,91,95,96,88,98,90,理科,825
家道翔,1113,男,85,97,82,94,91,96,91,100,88,理科,824
董宇星,1113,男,87,95,92,92,89,94,83,96,92,理科,820
褚长青,1113,男,92,95,79,90,91,96,80,98,91,理科,812
郗政,1113,男,92,86,88,92,85,94,80,94,94,理科,805
卫尹勇,1113,男,77,96,83,93,92,98,83,90,93,理科,805
咸威,1113,男,84,86,90,91,88,98,84,90,92,理科,803
酆贻神,1113,男,91,81,90,94,96,90,73,98,90,理科,803
席修豪,1113,男,88,84,91,94,89,98,80,90,88,理科,802
左俭梅,1113,女,87,88,90,91,86,98,77,94,87,理科,798
邓新才,1113,男,88,91,83,95,95,92,73,96,79,理科,792
宫微微,1113,女,91,71,91,94,88,88,85,94,89,理科,791
段文才,1113,男,76,92,82,89,84,88,95,100,85,理科,791
贺福建,1113,男,87,81,84,84,98,94,87,92,84,理科,791
姬波涛,1113,男,80,81,87,91,89,94,84,92,90,理科,788
窦定先,1113,男,86,84,79,85,95,92,92,90,84,理科,787
充多传,1113,男,88,77,88,89,89,91,76,94,94,理科,786
段亚亚,1113,女,85,92,84,90,85,96,81,88,81,理科,782
阮万里,1113,男,85,81,82,87,90,98,81,90,87,理科,781
浦湘云,1113,女,87,76,89,97,86,96,72,90,87,理科,780
褚梦星,1113,女,80,77,90,92,79,89,91,90,89,理科,777
萧文静,1113,女,90,82,89,96,92,88,75,86,76,文科,774
周声源,1113,男,84,82,85,88,80,86,92,90,84,理科,771
成时雨,1113,男,83,75,81,87,84,94,81,96,89,理科,770
臧飞英,1113,女,86,90,87,86,88,88,78,78,87,理科,768
武艳,1113,女,80,91,94,93,75,92,69,92,82,理科,768
戚聪,1113,男,88,68,79,84,88,92,82,96,88,理科,765
郁陈灵,1113,女,87,83,84,95,73,90,76,90,87,理科,765
司阳亚杰,1113,男,86,66,82,87,89,96,69,96,89,理科,760
吕昌和,1113,男,89,85,80,96,84,93,60,86,87,理科,760
农阳志,1113,男,82,73,84,95,96,94,63,92,79,理科,758
严有钱,1113,男,81,71,90,84,78,92,87,84,83,理科,750
寿洁庆,1113,男,88,82,72,92,78,88,69,96,84,理科,749
邴多明,1113,男,89,78,84,84,83,79,89,78,84,理科,748
彭润泉,1113,男,81,81,91,85,82,86,77,86,76,理科,745
从金林,1113,男,91,69,81,83,88,86,65,94,80,理科,737
全万成,1113,男,86,71,75,78,84,94,79,90,78,理科,735
罗海南,1113,女,86,77,74,91,77,88,63,88,85,理科,729
童春平,1113,男,67,85,83,73,75,98,75,94,78,理科,728
米磊,1113,男,83,80,85,89,86,92,56,80,66,理科,717
储承香,1113,男,82,67,75,95,74,87,68,84,79,理科,711
赵优英,1113,男,86,60,68,82,85,90,60,94,81,理科,706
刘明秋,1113,男,82,68,70,74,77,90,71,78,83,理科,693
舒茂,1113,男,66,58,73,67,58,80,51,80,72,理科,605
滑亚,1113,男,33,46,30,65,82,76,56,76,59,理科,523
家怡婧,1114,女,85,97,95,86,91,96,95,100,98,理科,843
汲善小,1114,男,87,92,90,98,98,98,91,92,89,理科,835
濮陈程,1114,男,87,89,88,95,94,98,95,94,93,理科,833
昌艳云,1114,女,91,82,88,94,92,100,87,100,92,理科,826
靳星,1114,男,86,89,88,94,93,96,86,96,95,理科,823
侯兴杰,1114,男,89,97,90,86,90,96,86,94,88,理科,816
郝陈芳,1114,女,87,90,91,93,94,92,83,96,89,理科,815
杭明文,1114,男,91,84,89,92,83,96,97,90,91,理科,813
锺志浩,1114,男,88,95,87,93,96,92,77,92,90,理科,810
昌海霞,1114,女,91,97,93,96,79,96,76,98,84,理科,810
龙枝明,1114,男,87,95,86,94,83,82,89,98,93,理科,807
常酉姣,1114,女,88,83,85,97,87,95,92,96,78,理科,801
汲梅花,1114,女,88,88,87,95,93,88,83,98,78,理科,798
姬贤忠,1114,男,91,74,76,92,98,92,86,98,90,理科,797
全超贵,1114,男,83,86,82,95,89,98,89,88,86,理科,796
晏新娥,1114,女,86,95,87,97,94,84,74,96,82,理科,795
罗萌,1114,女,86,81,85,92,91,98,74,94,93,理科,794
纪志勇,1114,男,93,87,88,93,86,92,77,94,84,理科,794
柯婷,1114,女,87,82,92,91,95,100,75,86,85,理科,793
于江涛,1114,男,85,80,83,92,86,94,78,98,93,理科,789
崔琪,1114,女,88,81,86,90,86,88,81,96,90,理科,786
武正林,1114,男,88,88,86,71,85,92,87,94,90,理科,781
苍旺金,1114,男,86,75,81,89,91,90,87,84,96,理科,779
茹科,1114,男,83,77,93,84,87,90,85,96,83,理科,778
丁家政,1114,男,86,70,84,96,81,88,88,94,90,理科,777
茹运芳,1114,女,89,87,80,92,82,92,76,96,82,理科,776
瞿于明,1114,男,81,84,91,96,94,88,78,88,75,理科,775
经志琳,1114,女,85,92,85,95,92,88,77,78,82,理科,774
葛远潇,1114,男,86,90,93,86,80,92,86,82,79,理科,774
费太强,1114,男,85,78,84,94,86,90,76,88,90,理科,771
索佐军,1114,男,86,77,85,87,96,92,76,88,84,理科,771
历婷婷,1114,女,84,88,92,93,77,82,79,90,85,理科,770
池鑫杰,1114,男,88,86,89,83,89,85,73,94,79,理科,766
锺陵英,1114,女,80,77,81,92,82,94,80,92,87,理科,765
房红波,1114,女,85,94,87,89,83,88,78,82,75,理科,761
喻金平,1114,男,82,84,80,88,81,84,85,92,77,理科,753
苏志云,1114,男,82,84,77,80,86,89,74,94,86,理科,752
羊浩宇,1114,男,85,73,73,86,77,90,80,94,93,理科,751
危军,1114,男,81,92,79,93,72,92,78,86,75,理科,748
施积海,1114,男,84,79,67,88,83,94,77,90,85,理科,747
荀天晴,1114,女,88,80,66,86,86,86,66,92,89,理科,739
牛少文,1114,男,85,74,74,90,86,88,64,92,73,理科,726
姬先友,1114,男,86,84,84,83,83,91,68,66,73,理科,718
贲惊姣,1114,女,83,83,75,86,85,94,43,88,78,理科,715
顾徐文,1114,男,78,74,80,93,76,92,58,92,72,理科,715
赵延成,1114,男,79,68,79,80,80,86,68,84,82,理科,706
方多江,1114,男,78,64,82,81,77,82,79,82,66,理科,691
方顺,1114,男,77,62,78,77,67,80,50,60,70,文科,621
柯力,1115,女,88,89,91,95,93,94,91,100,99,理科,840
瞿立年,1115,男,86,94,86,94,90,96,94,98,93,理科,831
别珅宏,1115,男,86,97,88,91,98,100,89,94,85,理科,828
邓祥,1115,男,86,96,84,89,92,92,91,100,89,理科,819
汪家旺,1115,男,83,98,86,95,84,94,84,100,92,理科,816
柴恒,1115,男,90,83,92,93,92,96,85,96,88,理科,815
萧江林,1115,男,85,98,83,85,88,92,90,100,93,理科,814
池清日,1115,男,88,96,87,97,86,93,82,94,88,理科,811
史林志,1115,男,86,89,83,92,83,97,91,92,93,理科,806
宿志腾,1115,男,87,97,88,90,92,91,84,90,87,理科,806
祝冬生,1115,男,84,87,88,87,90,96,80,96,93,理科,801
邴斌,1115,男,84,87,84,94,91,96,83,96,86,理科,801
胥涛,1115,男,80,88,85,93,89,90,86,100,86,理科,797
吉庆玲,1115,女,85,92,87,95,81,88,87,94,86,理科,795
臧振润,1115,男,79,83,93,88,88,94,84,100,84,理科,793
庄承永,1115,男,80,87,85,88,83,90,92,98,88,理科,791
党良顺,1115,男,82,89,83,94,85,98,83,88,88,理科,790
羿联坤,1115,男,86,90,85,82,88,88,86,92,90,理科,787
孔和翔,1115,男,91,83,77,91,86,94,89,92,83,理科,786
韶祖德,1115,男,87,78,88,89,87,94,84,98,79,理科,784
戚秀发,1115,男,90,91,89,87,86,80,78,92,88,理科,781
吕秀芳,1115,女,81,95,88,86,68,96,88,92,85,理科,779
康亚丽,1115,女,78,91,81,89,93,94,85,90,78,理科,779
孙怀平,1115,男,88,80,87,92,84,88,88,90,79,理科,776
崔小龙,1115,男,84,82,84,90,84,92,85,90,83,理科,774
宣小梅,1115,女,92,83,88,93,88,93,72,82,83,理科,774
包小荣,1115,女,90,74,87,93,85,90,85,92,78,理科,774
通单,1115,男,85,88,89,88,83,92,89,82,74,理科,770
洪小芳,1115,女,83,86,85,95,79,96,75,86,84,理科,769
史宗学,1115,男,82,78,85,89,89,88,81,94,80,理科,766
严清山,1115,男,88,87,82,82,86,94,75,86,81,理科,761
井杰,1115,男,87,85,79,91,86,94,75,84,80,理科,761
别作栋,1115,男,87,91,86,90,72,92,67,90,85,理科,760
李芸芸,1115,男,87,82,78,96,81,94,67,88,84,理科,757
张良平,1115,男,0,0,0,0,0,0,0,0,0,理科,0
却湘粤,1115,男,82,82,81,89,79,84,91,88,80,理科,756
倪启波,1115,男,79,74,75,89,81,86,86,94,84,理科,748
毛福文,1115,男,82,72,81,92,86,82,72,90,88,理科,745
齐腾军,1115,男,79,89,72,84,87,86,73,88,81,理科,739
孙荣华,1115,男,81,79,79,87,92,86,72,84,79,理科,739
僪修林,1115,男,78,62,79,94,93,90,83,86,74,理科,739
刘立斌,1115,男,88,73,84,87,81,84,81,88,73,理科,739
柳洁,1115,女,91,85,88,89,61,92,71,82,79,理科,738
瞿兵,1115,男,88,68,77,91,82,87,62,88,67,理科,710
谈莞发,1115,男,79,78,70,83,86,86,76,78,70,理科,706
应上清,1115,男,87,63,55,93,100,94,43,88,82,理科,705
徐宏平,1115,男,85,59,89,80,85,82,61,64,75,理科,680
昌肖峰,1115,男,81,62,76,89,76,91,49,68,74,理科,666
郑慕海,1115,男,72,59,82,92,85,82,59,58,55,理科,644
